-- Insert data into customers table
INSERT INTO customers (FirstName, LastName, Email, Phone, Address, City, State, ZipCode) 
VALUES ('John', 'Doe', 'john.doe@example.com', '123-456-7890', '123 Elm St', 'Springfield', 'IL', '62701');
INSERT INTO customers (FirstName, LastName, Email, Phone, Address, City, State, ZipCode) VALUES ('Jane', 'Smith', 'jane.smith@example.com', '234-567-8901', '456 Oak St', 'Columbus', 'OH', '43215');
INSERT INTO customers (FirstName, LastName, Email, Phone, Address, City, State, ZipCode) VALUES ('Alice', 'Johnson', 'alice.johnson@example.com', '345-678-9012', '789 Pine St', 'Madison', 'WI', '53703');
INSERT INTO customers (FirstName, LastName, Email, Phone, Address, City, State, ZipCode) VALUES ('Bob', 'Williams', 'bob.williams@example.com', '456-789-0123', '135 Maple St', 'Phoenix', 'AZ', '85001');
INSERT INTO customers (FirstName, LastName, Email, Phone, Address, City, State, ZipCode) VALUES ('Charlie', 'Brown', 'charlie.brown@example.com', '567-890-1234', '246 Birch St', 'Dallas', 'TX', '75201');
INSERT INTO customers (FirstName, LastName, Email, Phone, Address, City, State, ZipCode) VALUES ('Daisy', 'Miller', 'daisy.miller@example.com', '678-901-2345', '357 Cedar St', 'Denver', 'CO', '80201');
INSERT INTO customers (FirstName, LastName, Email, Phone, Address, City, State, ZipCode) VALUES ('Ethan', 'Wilson', 'ethan.wilson@example.com', '789-012-3456', '468 Spruce St', 'Austin', 'TX', '78701');
INSERT INTO customers (FirstName, LastName, Email, Phone, Address, City, State, ZipCode) VALUES ('Fiona', 'Moore', 'fiona.moore@example.com', '890-123-4567', '579 Willow St', 'Seattle', 'WA', '98101');
INSERT INTO customers (FirstName, LastName, Email, Phone, Address, City, State, ZipCode) VALUES ('George', 'Taylor', 'george.taylor@example.com', '901-234-5678', '680 Cherry St', 'Miami', 'FL', '33101');
INSERT INTO customers (FirstName, LastName, Email, Phone, Address, City, State, ZipCode) VALUES ('Hannah', 'Anderson', 'hannah.anderson@example.com', '012-345-6789', '791 Peach St', 'Orlando', 'FL', '32801');
INSERT INTO customers (FirstName, LastName, Email, Phone, Address, City, State, ZipCode) VALUES ('Isaac', 'Thomas', 'isaac.thomas@example.com', '123-456-7891', '902 Plum St', 'Atlanta', 'GA', '30301');
INSERT INTO customers (FirstName, LastName, Email, Phone, Address, City, State, ZipCode) VALUES ('Jack', 'Jackson', 'jack.jackson@example.com', '234-567-8902', '101 Lemon St', 'San Diego', 'CA', '92101');
INSERT INTO customers (FirstName, LastName, Email, Phone, Address, City, State, ZipCode) VALUES ('Kara', 'White', 'kara.white@example.com', '345-678-9013', '202 Grapefruit St', 'San Francisco', 'CA', '94101');
INSERT INTO customers (FirstName, LastName, Email, Phone, Address, City, State, ZipCode) VALUES ('Liam', 'Harris', 'liam.harris@example.com', '456-789-0124', '303 Kiwi St', 'Las Vegas', 'NV', '89101');
INSERT INTO customers (FirstName, LastName, Email, Phone, Address, City, State, ZipCode) VALUES ('Mia', 'Martin', 'mia.martin@example.com', '567-890-1235', '404 Orange St', 'Portland', 'OR', '97201');
INSERT INTO customers (FirstName, LastName, Email, Phone, Address, City, State, ZipCode) VALUES ('Noah', 'Thompson', 'noah.thompson@example.com', '678-901-2346', '505 Coconut St', 'Cincinnati', 'OH', '45201');
INSERT INTO customers (FirstName, LastName, Email, Phone, Address, City, State, ZipCode) VALUES ('Olivia', 'Garcia', 'olivia.garcia@example.com', '789-012-3457', '606 Avocado St', 'Baltimore', 'MD', '21201');
INSERT INTO customers (FirstName, LastName, Email, Phone, Address, City, State, ZipCode) VALUES ('Parker', 'Martinez', 'parker.martinez@example.com', '890-123-4568', '707 Fig St', 'Milwaukee', 'WI', '53201');
INSERT INTO customers (FirstName, LastName, Email, Phone, Address, City, State, ZipCode) VALUES ('Quinn', 'Robinson', 'quinn.robinson@example.com', '901-234-5679', '808 Blueberry St', 'Tucson', 'AZ', '85701');
INSERT INTO customers (FirstName, LastName, Email, Phone, Address, City, State, ZipCode) VALUES ('Rachel', 'Clark', 'rachel.clark@example.com', '012-345-6780', '909 Blackberry St', 'Fresno', 'CA', '93701');
INSERT INTO customers (FirstName, LastName, Email, Phone, Address, City, State, ZipCode) VALUES ('Samuel', 'Rodriguez', 'samuel.rodriguez@example.com', '123-456-7892', '111 Strawberry St', 'Virginia Beach', 'VA', '23450');
INSERT INTO customers (FirstName, LastName, Email, Phone, Address, City, State, ZipCode) VALUES ('Tina', 'Lewis', 'tina.lewis@example.com', '234-567-8903', '222 Watermelon St', 'Omaha', 'NE', '68101');
INSERT INTO customers (FirstName, LastName, Email, Phone, Address, City, State, ZipCode) VALUES ('Ursula', 'Lee', 'ursula.lee@example.com', '345-678-9014', '333 Cantaloupe St', 'Atlanta', 'GA', '30302');
INSERT INTO customers (FirstName, LastName, Email, Phone, Address, City, State, ZipCode) VALUES ('Victor', 'Walker', 'victor.walker@example.com', '456-789-0125', '444 Honeydew St', 'Nashville', 'TN', '37201');
INSERT INTO customers (FirstName, LastName, Email, Phone, Address, City, State, ZipCode) VALUES ('Wendy', 'Hall', 'wendy.hall@example.com', '567-890-1236', '555 Papaya St', 'Kansas City', 'MO', '64101');
INSERT INTO customers (FirstName, LastName, Email, Phone, Address, City, State, ZipCode) VALUES ('Xander', 'Allen', 'xander.allen@example.com', '678-901-2347', '666 Dragonfruit St', 'Tampa', 'FL', '33601');
INSERT INTO customers (FirstName, LastName, Email, Phone, Address, City, State, ZipCode) VALUES ('Yara', 'Young', 'yara.young@example.com', '789-012-3458', '777 Passionfruit St', 'Colorado Springs', 'CO', '80901');
INSERT INTO customers (FirstName, LastName, Email, Phone, Address, City, State, ZipCode) VALUES ('Zoe', 'Hernandez', 'zoe.hernandez@example.com', '890-123-4569', '888 Persimmon St', 'Atlanta', 'GA', '30303');
INSERT INTO customers (FirstName, LastName, Email, Phone, Address, City, State, ZipCode) VALUES ('Adam', 'King', 'adam.king@example.com', '901-234-5670', '999 Mulberry St', 'Salt Lake City', 'UT', '84101');
INSERT INTO customers (FirstName, LastName, Email, Phone, Address, City, State, ZipCode) VALUES ('Bella', 'Scott', 'bella.scott@example.com', '012-345-6781', '123 Blackberry St', 'Tallahassee', 'FL', '32301');
INSERT INTO customers (FirstName, LastName, Email, Phone, Address, City, State, ZipCode) VALUES ('Carter', 'Green', 'carter.green@example.com', '123-456-7893', '456 Apricot St', 'Boise', 'ID', '83701');
INSERT INTO customers (FirstName, LastName, Email, Phone, Address, City, State, ZipCode) VALUES ('Diana', 'Baker', 'diana.baker@example.com', '234-567-8904', '789 Fig St', 'Wichita', 'KS', '67201');
INSERT INTO customers (FirstName, LastName, Email, Phone, Address, City, State, ZipCode) VALUES ('Elena', 'Adams', 'elena.adams@example.com', '345-678-9015', '135 Walnut St', 'Cleveland', 'OH', '44101');
INSERT INTO customers (FirstName, LastName, Email, Phone, Address, City, State, ZipCode) VALUES ('Frank', 'Nelson', 'frank.nelson@example.com', '456-789-0126', '246 Chestnut St', 'Atlanta', 'GA', '30304');
INSERT INTO customers (FirstName, LastName, Email, Phone, Address, City, State, ZipCode) VALUES ('Grace', 'Carter', 'grace.carter@example.com', '567-890-1237', '357 Almond St', 'Columbus', 'OH', '43216');
INSERT INTO customers (FirstName, LastName, Email, Phone, Address, City, State, ZipCode) VALUES ('Henry', 'Mitchell', 'henry.mitchell@example.com', '678-901-2348', '468 Pecan St', 'Raleigh', 'NC', '27601');
INSERT INTO customers (FirstName, LastName, Email, Phone, Address, City, State, ZipCode) VALUES ('Ivy', 'Perez', 'ivy.perez@example.com', '789-012-3459', '579 Walnut St', 'Milwaukee', 'WI', '53202');
INSERT INTO customers (FirstName, LastName, Email, Phone, Address, City, State, ZipCode) VALUES ('Jack', 'Roberts', 'jack.roberts@example.com', '890-123-4560', '680 Coconut St', 'San Francisco', 'CA', '94102');
INSERT INTO customers (FirstName, LastName, Email, Phone, Address, City, State, ZipCode)VALUES ('Lily', 'Turner', 'lily.turner@example.com', '901-234-5671', '791 Avocado St', 'San Diego', 'CA', '92102');
INSERT INTO customers (FirstName, LastName, Email, Phone, Address, City, State, ZipCode) VALUES ('Mike', 'Phillips', 'mike.phillips@example.com', '012-345-6782', '902 Blueberry St', 'Las Vegas', 'NV', '89102');
INSERT INTO customers (FirstName, LastName, Email, Phone, Address, City, State, ZipCode) VALUES ('Nina', 'Evans', 'nina.evans@example.com', '123-456-7894', '101 Blackberry St', 'Phoenix', 'AZ', '85002');
INSERT INTO customers (FirstName, LastName, Email, Phone, Address, City, State, ZipCode) VALUES ('Oscar', 'Sanchez', 'oscar.sanchez@example.com', '234-567-8905', '202 Raspberry St', 'Dallas', 'TX', '75202');
INSERT INTO customers (FirstName, LastName, Email, Phone, Address, City, State, ZipCode) VALUES ('Paula', 'Rogers', 'paula.rogers@example.com', '345-678-9016', '303 Strawberry St', 'Houston', 'TX', '77002');
INSERT INTO customers (FirstName, LastName, Email, Phone, Address, City, State, ZipCode) VALUES ('Quincy', 'Peterson', 'quincy.peterson@example.com', '456-789-0127', '404 Cantaloupe St', 'Atlanta', 'GA', '30305');

 -- Populate products
INSERT INTO products (Name, Description, Price, StockQuantity, Category) VALUES ('Mountain Bike', 'A high-performance mountain bike with a lightweight frame.', 599.99, 50, 'Bicycles');
INSERT INTO products (Name, Description, Price, StockQuantity, Category) VALUES ('Road Bike', 'A fast and lightweight road bike designed for speed.', 899.99, 25, 'Bicycles');
INSERT INTO products (Name, Description, Price, StockQuantity, Category) VALUES ('Hybrid Bike', 'A versatile bike suitable for both road and off-road.', 499.99, 30, 'Bicycles');
INSERT INTO products (Name, Description, Price, StockQuantity, Category) VALUES ('Electric Bike', 'A bike equipped with an electric motor for assistance.', 1499.99, 15, 'Bicycles');
INSERT INTO products (Name, Description, Price, StockQuantity, Category) VALUES ('Kids Bike', 'A sturdy bike designed for children aged 5-12.', 199.99, 20, 'Bicycles');
INSERT INTO products (Name, Description, Price, StockQuantity, Category) VALUES ('Mountain Bike Helmet', 'Protective helmet designed for mountain biking.', 49.99, 100, 'Accessories');
INSERT INTO products (Name, Description, Price, StockQuantity, Category) VALUES ('Bike Lock', 'High-security lock to protect your bike from theft.', 29.99, 80, 'Accessories');
INSERT INTO products (Name, Description, Price, StockQuantity, Category) VALUES ('Water Bottle Holder', 'Lightweight holder for carrying water bottles on your bike.', 14.99, 150, 'Accessories');
INSERT INTO products (Name, Description, Price, StockQuantity, Category) VALUES ('Cycling Gloves', 'Padded gloves for comfort during long rides.', 19.99, 60, 'Apparel');
INSERT INTO products (Name, Description, Price, StockQuantity, Category) VALUES ('LED Bike Lights', 'Bright LED lights for safety while cycling at night.', 29.99, 75, 'Accessories');
INSERT INTO products (Name, Description, Price, StockQuantity, Category) VALUES ('Bike Pump', 'Portable pump for inflating bike tires.', 24.99, 70, 'Tools');
INSERT INTO products (Name, Description, Price, StockQuantity, Category) VALUES ('Bike Repair Kit', 'Essential tools for minor bike repairs on the go.', 19.99, 50, 'Tools');
INSERT INTO products (Name, Description, Price, StockQuantity, Category) VALUES ('Bike Seat', 'Comfortable bike seat for longer rides.', 39.99, 40, 'Parts');
INSERT INTO products (Name, Description, Price, StockQuantity, Category) VALUES ('Bike Tire', 'Durable bike tire suitable for various terrains.', 49.99, 60, 'Parts');
INSERT INTO products (Name, Description, Price, StockQuantity, Category) VALUES ('Cycling Shorts', 'Comfortable shorts designed for cycling.', 39.99, 55, 'Apparel');
INSERT INTO products (Name, Description, Price, StockQuantity, Category) VALUES ('Bike Frame', 'Lightweight aluminum frame for custom bike builds.', 199.99, 25, 'Parts');
INSERT INTO products (Name, Description, Price, StockQuantity, Category) VALUES ('Cycling Jersey', 'Breathable jersey for optimal comfort during rides.', 49.99, 45, 'Apparel');
INSERT INTO products (Name, Description, Price, StockQuantity, Category) VALUES ('Bike Carrier', 'Carrier for transporting bikes on vehicles.', 149.99, 20, 'Accessories');
INSERT INTO products (Name, Description, Price, StockQuantity, Category) VALUES ('Chain Lubricant', 'High-quality lubricant for smooth bike operation.', 12.99, 80, 'Maintenance');
INSERT INTO products (Name, Description, Price, StockQuantity, Category) VALUES ('Cycling Sunglasses', 'UV protection sunglasses for cycling.', 59.99, 30, 'Apparel');
INSERT INTO products (Name, Description, Price, StockQuantity, Category) VALUES ('Bike Cleaning Kit', 'Everything needed to keep your bike clean.', 24.99, 50, 'Maintenance');
INSERT INTO products (Name, Description, Price, StockQuantity, Category) VALUES ('Mountain Bike Shoes', 'Shoes designed for mountain biking with grip.', 89.99, 30, 'Footwear');
INSERT INTO products (Name, Description, Price, StockQuantity, Category) VALUES ('Bike Saddle Bag', 'Compact bag for storing essentials while riding.', 29.99, 60, 'Accessories');

 -- Populate purchases

-- Insert data into purchases table
INSERT INTO purchases (CustomerID, PurchaseDate, TotalAmount, Status) 
VALUES (1, '2024-01-15', 599.99, 'Completed');

INSERT INTO purchases (CustomerID, PurchaseDate, TotalAmount, Status) 
VALUES (2, '2024-01-20', 89.99, 'Completed');

INSERT INTO purchases (CustomerID, PurchaseDate, TotalAmount, Status) 
VALUES (3, '2024-02-05', 1299.99, 'Pending');

INSERT INTO purchases (CustomerID, PurchaseDate, TotalAmount, Status) 
VALUES (4, '2024-02-10', 999.99, 'Completed');

INSERT INTO purchases (CustomerID, PurchaseDate, TotalAmount, Status) 
VALUES (5, '2024-03-01', 199.99, 'Shipped');

INSERT INTO purchases (CustomerID, PurchaseDate, TotalAmount, Status) 
VALUES (6, '2024-03-15', 29.99, 'Delivered');

INSERT INTO purchases (CustomerID, PurchaseDate, TotalAmount, Status) 
VALUES (7, '2024-03-20', 349.99, 'Cancelled');

INSERT INTO purchases (CustomerID, PurchaseDate, TotalAmount, Status) 
VALUES (8, '2024-04-01', 79.99, 'Completed');

INSERT INTO purchases (CustomerID, PurchaseDate, TotalAmount, Status) 
VALUES (9, '2024-04-05', 129.99, 'Completed');

INSERT INTO purchases (CustomerID, PurchaseDate, TotalAmount, Status) 
VALUES (10, '2024-04-10', 59.99, 'Pending');

INSERT INTO purchases (CustomerID, PurchaseDate, TotalAmount, Status) 
VALUES (11, '2024-04-15', 39.99, 'Completed');

INSERT INTO purchases (CustomerID, PurchaseDate, TotalAmount, Status) 
VALUES (12, '2024-05-01', 399.99, 'Completed');

INSERT INTO purchases (CustomerID, PurchaseDate, TotalAmount, Status) 
VALUES (13, '2024-05-05', 89.99, 'Delivered');

INSERT INTO purchases (CustomerID, PurchaseDate, TotalAmount, Status) 
VALUES (14, '2024-05-10', 799.99, 'Shipped');

INSERT INTO purchases (CustomerID, PurchaseDate, TotalAmount, Status) 
VALUES (15, '2024-05-15', 149.99, 'Completed');

INSERT INTO purchases (CustomerID, PurchaseDate, TotalAmount, Status) 
VALUES (16, '2024-06-01', 99.99, 'Pending');

INSERT INTO purchases (CustomerID, PurchaseDate, TotalAmount, Status) 
VALUES (17, '2024-06-05', 249.99, 'Cancelled');

INSERT INTO purchases (CustomerID, PurchaseDate, TotalAmount, Status) 
VALUES (18, '2024-06-10', 799.99, 'Completed');

INSERT INTO purchases (CustomerID, PurchaseDate, TotalAmount, Status) 
VALUES (19, '2024-07-01', 499.99, 'Shipped');

INSERT INTO purchases (CustomerID, PurchaseDate, TotalAmount, Status) 
VALUES (20, '2024-07-05', 89.99, 'Delivered');


 -- Populate purchasedetails

-- Corrected insert statements for purchaseDetails table
INSERT INTO purchaseDetails (PurchaseID, ProductID, Quantity, UnitPrice) VALUES (1, 1, 1, 599.99);
INSERT INTO purchaseDetails (PurchaseID, ProductID, Quantity, UnitPrice) VALUES (1, 2, 1, 89.99);
INSERT INTO purchaseDetails (PurchaseID, ProductID, Quantity, UnitPrice) VALUES (2, 1, 1, 1299.99);
INSERT INTO purchaseDetails (PurchaseID, ProductID, Quantity, UnitPrice) VALUES (2, 2, 1, 999.99);
INSERT INTO purchaseDetails (PurchaseID, ProductID, Quantity, UnitPrice) VALUES (3, 1, 1, 199.99);
INSERT INTO purchaseDetails (PurchaseID, ProductID, Quantity, UnitPrice) VALUES (3, 3, 1, 29.99);
INSERT INTO purchaseDetails (PurchaseID, ProductID, Quantity, UnitPrice) VALUES (4, 1, 1, 349.99);
INSERT INTO purchaseDetails (PurchaseID, ProductID, Quantity, UnitPrice) VALUES (4, 4, 1, 79.99);
INSERT INTO purchaseDetails (PurchaseID, ProductID, Quantity, UnitPrice) VALUES (5, 1, 1, 129.99);
INSERT INTO purchaseDetails (PurchaseID, ProductID, Quantity, UnitPrice) VALUES (5, 2, 1, 39.99);
INSERT INTO purchaseDetails (PurchaseID, ProductID, Quantity, UnitPrice) VALUES (6, 1, 1, 399.99);
INSERT INTO purchaseDetails (PurchaseID, ProductID, Quantity, UnitPrice) VALUES (6, 1, 1, 89.99);
INSERT INTO purchaseDetails (PurchaseID, ProductID, Quantity, UnitPrice) VALUES (7, 2, 2, 799.99);
INSERT INTO purchaseDetails (PurchaseID, ProductID, Quantity, UnitPrice) VALUES (7, 1, 1, 149.99);
INSERT INTO purchaseDetails (PurchaseID, ProductID, Quantity, UnitPrice) VALUES (8, 1, 1, 99.99);
INSERT INTO purchaseDetails (PurchaseID, ProductID, Quantity, UnitPrice) VALUES (8, 3, 1, 249.99);
INSERT INTO purchaseDetails (PurchaseID, ProductID, Quantity, UnitPrice) VALUES (9, 1, 1, 799.99);
INSERT INTO purchaseDetails (PurchaseID, ProductID, Quantity, UnitPrice) VALUES (9, 1, 1, 499.99);
INSERT INTO purchaseDetails (PurchaseID, ProductID, Quantity, UnitPrice) VALUES (10, 1, 1, 89.99);
INSERT INTO purchaseDetails (PurchaseID, ProductID, Quantity, UnitPrice) VALUES (10, 2, 1, 39.99);

 -- Populate delivery

INSERT INTO delivery (PurchaseID, DeliveryDate, Status, TrackingNumber) 
VALUES (1, '2024-01-16', 'Shipped', 'TRK123456');
INSERT INTO delivery (PurchaseID, DeliveryDate, Status, TrackingNumber) 
VALUES (2, '2024-01-21', 'Delivered', 'TRK789012');
INSERT INTO delivery (PurchaseID, DeliveryDate, Status, TrackingNumber) 
VALUES (3, '2024-02-06', 'Shipped', 'TRK345678');
INSERT INTO delivery (PurchaseID, DeliveryDate, Status, TrackingNumber) 
VALUES (4, '2024-02-11', 'Shipped', 'TRK456789');
INSERT INTO delivery (PurchaseID, DeliveryDate, Status, TrackingNumber) 
VALUES (5, '2024-03-02', 'Delivered', 'TRK567890');
INSERT INTO delivery (PurchaseID, DeliveryDate, Status, TrackingNumber) 
VALUES (6, '2024-03-16', 'Shipped', 'TRK678901');
INSERT INTO delivery (PurchaseID, DeliveryDate, Status, TrackingNumber) 
VALUES (7, '2024-03-21', 'Pending', 'TRK789123');
INSERT INTO delivery (PurchaseID, DeliveryDate, Status, TrackingNumber) 
VALUES (8, '2024-04-02', 'Shipped', 'TRK890234');
INSERT INTO delivery (PurchaseID, DeliveryDate, Status, TrackingNumber) 
VALUES (9, '2024-04-06', 'Delivered', 'TRK901345');
INSERT INTO delivery (PurchaseID, DeliveryDate, Status, TrackingNumber) 
VALUES (10, '2024-04-11', 'Shipped', 'TRK012456');
INSERT INTO delivery (PurchaseID, DeliveryDate, Status, TrackingNumber) 
VALUES (11, '2024-04-16', 'Delivered', 'TRK123567');
INSERT INTO delivery (PurchaseID, DeliveryDate, Status, TrackingNumber) 
VALUES (12, '2024-05-02', 'Shipped', 'TRK234678');
INSERT INTO delivery (PurchaseID, DeliveryDate, Status, TrackingNumber) 
VALUES (13, '2024-05-06', 'Delivered', 'TRK345789');
INSERT INTO delivery (PurchaseID, DeliveryDate, Status, TrackingNumber) 
VALUES (14, '2024-05-11', 'Shipped', 'TRK456890');
INSERT INTO delivery (PurchaseID, DeliveryDate, Status, TrackingNumber) 
VALUES (15, '2024-05-16', 'Pending', 'TRK567901');
INSERT INTO delivery (PurchaseID, DeliveryDate, Status, TrackingNumber) 
VALUES (16, '2024-06-02', 'Shipped', 'TRK678012');
INSERT INTO delivery (PurchaseID, DeliveryDate, Status, TrackingNumber) 
VALUES (17, '2024-06-06', 'Shipped', 'TRK789123');
INSERT INTO delivery (PurchaseID, DeliveryDate, Status, TrackingNumber) 
VALUES (18, '2024-06-11', 'Delivered', 'TRK890234');
INSERT INTO delivery (PurchaseID, DeliveryDate, Status, TrackingNumber) 
VALUES (19, '2024-07-02', 'Pending', 'TRK901345');
INSERT INTO delivery (PurchaseID, DeliveryDate, Status, TrackingNumber) 
VALUES (20, '2024-07-06', 'Shipped', 'TRK012456');
 -- Populate storage

INSERT INTO storage (ProductID, QuantityInStock, StorageLocation) 
VALUES (1, 100, 'Warehouse A');
INSERT INTO storage (ProductID, QuantityInStock, StorageLocation) 
VALUES (2, 200, 'Warehouse B');
INSERT INTO storage (ProductID, QuantityInStock, StorageLocation) 
VALUES (3, 150, 'Warehouse C');
INSERT INTO storage (ProductID, QuantityInStock, StorageLocation) 
VALUES (4, 0, 'Warehouse D');
INSERT INTO storage (ProductID, QuantityInStock, StorageLocation) 
VALUES (5, 75, 'Warehouse E');
INSERT INTO storage (ProductID, QuantityInStock, StorageLocation) 
VALUES (6, 120, 'Warehouse F');
INSERT INTO storage (ProductID, QuantityInStock, StorageLocation) 
VALUES (7, 90, 'Warehouse G');
INSERT INTO storage (ProductID, QuantityInStock, StorageLocation) 
VALUES (8, 0, 'Warehouse H');
INSERT INTO storage (ProductID, QuantityInStock, StorageLocation) 
VALUES (9, 40, 'Warehouse I');
INSERT INTO storage (ProductID, QuantityInStock, StorageLocation) 
VALUES (10, 60, 'Warehouse J');
INSERT INTO storage (ProductID, QuantityInStock, StorageLocation) 
VALUES (11, 30, 'Warehouse K');
INSERT INTO storage (ProductID, QuantityInStock, StorageLocation) 
VALUES (12, 55, 'Warehouse L');
INSERT INTO storage (ProductID, QuantityInStock, StorageLocation) 
VALUES (13, 20, 'Warehouse M');
INSERT INTO storage (ProductID, QuantityInStock, StorageLocation) 
VALUES (14, 45, 'Warehouse N');
INSERT INTO storage (ProductID, QuantityInStock, StorageLocation) 
VALUES (15, 80, 'Warehouse O');
INSERT INTO storage (ProductID, QuantityInStock, StorageLocation) 
VALUES (16, 25, 'Warehouse P');
INSERT INTO storage (ProductID, QuantityInStock, StorageLocation) 
VALUES (17, 0, 'Warehouse Q');
INSERT INTO storage (ProductID, QuantityInStock, StorageLocation) 
VALUES (18, 65, 'Warehouse R');
INSERT INTO storage (ProductID, QuantityInStock, StorageLocation) 
VALUES (19, 10, 'Warehouse S');
INSERT INTO storage (ProductID, QuantityInStock, StorageLocation) 
VALUES (20, 15, 'Warehouse T');

 -- Populate suppliers

INSERT INTO suppliers (Name, ContactName, Phone, Email, Address, City, State, ZipCode) 
VALUES ('ABC Cycling', 'John Doe', '555-0101', 'contact@abccycling.com', '123 Cycle Lane', 'Los Angeles', 'CA', '90001');

INSERT INTO suppliers (Name, ContactName, Phone, Email, Address, City, State, ZipCode) 
VALUES ('XYZ Sports', 'Jane Smith', '555-0202', 'info@xyzsports.com', '456 Sport St', 'Miami', 'FL', '33101');

INSERT INTO suppliers (Name, ContactName, Phone, Email, Address, City, State, ZipCode) 
VALUES ('Speedy Bikes', 'Mike Johnson', '555-0303', 'sales@speedybikes.com', '789 Fast Rd', 'Chicago', 'IL', '60601');

INSERT INTO suppliers (Name, ContactName, Phone, Email, Address, City, State, ZipCode) 
VALUES ('Cycle World', 'Linda Williams', '555-0404', 'support@cycleworld.com', '135 Wheels Blvd', 'Houston', 'TX', '77001');

INSERT INTO suppliers (Name, ContactName, Phone, Email, Address, City, State, ZipCode) 
VALUES ('Mountain Gear', 'David Brown', '555-0505', 'info@mountaingear.com', '246 Trail Dr', 'Denver', 'CO', '80201');

INSERT INTO suppliers (Name, ContactName, Phone, Email, Address, City, State, ZipCode) 
VALUES ('Pro Riders', 'Chris Taylor', '555-0606', 'contact@proriders.com', '357 Ride Ave', 'San Francisco', 'CA', '94101');

INSERT INTO suppliers (Name, ContactName, Phone, Email, Address, City, State, ZipCode) 
VALUES ('Pedal Pushers', 'Emma Lee', '555-0707', 'sales@pedalpushers.com', '468 Bike Way', 'Seattle', 'WA', '98101');

INSERT INTO suppliers (Name, ContactName, Phone, Email, Address, City, State, ZipCode) 
VALUES ('Bike Haven', 'Olivia Martinez', '555-0808', 'support@bikehaven.com', '579 Cycle Ct', 'Boston', 'MA', '02101');

INSERT INTO suppliers (Name, ContactName, Phone, Email, Address, City, State, ZipCode) 
VALUES ('Velocity Bikes', 'Lucas Harris', '555-0909', 'info@velocitybikes.com', '680 Speed St', 'New York', 'NY', '10001');

INSERT INTO suppliers (Name, ContactName, Phone, Email, Address, City, State, ZipCode) 
VALUES ('Urban Cycles', 'Sophia Clark', '555-1010', 'contact@urbancycles.com', '791 City Ln', 'Philadelphia', 'PA', '19101');

 -- Populate supplies

INSERT INTO supplies (SupplierID, ProductID, SupplyDate, QuantitySupplied)
VALUES (1, 1, '2024-01-10', 50);

INSERT INTO supplies (SupplierID, ProductID, SupplyDate, QuantitySupplied)
VALUES (2, 2, '2024-01-15', 100);

INSERT INTO supplies (SupplierID, ProductID, SupplyDate, QuantitySupplied)
VALUES (3, 3, '2024-02-05', 75);

INSERT INTO supplies (SupplierID, ProductID, SupplyDate, QuantitySupplied)
VALUES (4, 4, '2024-02-12', 200);

INSERT INTO supplies (SupplierID, ProductID, SupplyDate, QuantitySupplied)
VALUES (5, 5, '2024-03-01', 150);

INSERT INTO supplies (SupplierID, ProductID, SupplyDate, QuantitySupplied)
VALUES (6, 6, '2024-03-10', 100);

INSERT INTO supplies (SupplierID, ProductID, SupplyDate, QuantitySupplied)
VALUES (7, 7, '2024-03-15', 120);

INSERT INTO supplies (SupplierID, ProductID, SupplyDate, QuantitySupplied)
VALUES (8, 8, '2024-04-02', 90);

INSERT INTO supplies (SupplierID, ProductID, SupplyDate, QuantitySupplied)
VALUES (9, 9, '2024-04-08', 60);

INSERT INTO supplies (SupplierID, ProductID, SupplyDate, QuantitySupplied)
VALUES (10, 10, '2024-04-10', 30);

 -- Populate repairs

INSERT INTO repairs (CustomerID, RepairDate, Description, Cost) 
VALUES (1, '2024-01-10', 'Screen Replacement', 120.00);
INSERT INTO repairs (CustomerID, RepairDate, Description, Cost) 
VALUES (2, '2024-01-15', 'Battery Replacement', 85.00);
INSERT INTO repairs (CustomerID, RepairDate, Description, Cost) 
VALUES (3, '2024-02-05', 'Camera Repair', 100.00);
INSERT INTO repairs (CustomerID, RepairDate, Description, Cost) 
VALUES (4, '2024-02-12', 'Charging Port Fix', 50.00);
INSERT INTO repairs (CustomerID, RepairDate, Description, Cost) 
VALUES (5, '2024-03-01', 'Water Damage Repair', 150.00);
